id_factura;descripcion;fecha;cantidad;total;id_farma;id_cliente;id_producto
;Betamethasone Dipropionate;2021/11/09;767;7834.4;841;207883;993914
;Attention and Learning Enhancement;2021/08/18;571;7327.55;281;320125;753472
;Clearasil Ultra;2021/10/28;495;7123.46;920;193509;933313
;Hydrocodone Bitartrate And Acetaminophen;2022/01/02;497;6227.34;238;227696;462111
;Foundation Primer Plus SPF 15;2022/02/22;416;1049.48;545;278343;786667
;Haldol Decanoate;2022/06/17;568;1340.5;579;58442;49947
;Topical;2021/09/10;143;4661.26;462;126855;776598
;Loratadine;2022/03/13;493;5044.4;286;297082;649476
;No7 Protect and Perfect Hand Cream Sunscreen Broad Spectrum SPF 15;2021/09/30;199;5303.42;210;33034;845817
;Trazodone Hydrochloride;2021/08/04;656;9611.59;330;230850;818913
;Nicorette;2022/03/04;952;719.97;724;295086;718034
;Morphine Sulfate;2022/06/24;412;9072.78;858;296009;407357
;FLUOXETINE;2022/03/12;400;6690.58;591;202452;571257
;NITROGEN;2022/01/22;357;590.58;307;20206;448420
;Desloratadine;2022/01/19;304;6816.49;169;190935;258973
;FOAMING HAND SANITIZER;2022/04/19;505;7689.97;433;244755;954323
;Threda;2022/07/26;752;7530.65;802;170587;412767
;CAFFEINE CITRATE;2021/12/21;190;7323.88;445;308642;896231
;Cefprozil;2022/04/02;547;3405.39;918;20009;874279
;West Cottonwood;2022/01/11;397;9745.18;757;380927;216817
;CoTZ SPF 35;2022/04/22;704;513.55;208;172384;604554
;Equaline Hemorrhoidal;2021/08/19;340;1334.26;648;115981;365216
;Acetaminophen And Codeine Phosphate;2022/02/03;762;3455.59;771;134212;249635
;Dicyclomine Hydrochloride;2021/12/17;415;6087.21;630;29496;431314
;Benztropine Mesylate;2022/01/20;344;2066.76;63;213173;756656
;Carvedilol;2021/08/02;239;9859.65;988;86350;610755
;Etomidate;2022/07/11;292;7255.04;356;46378;901537
;Denti-Care Denti-Foam;2021/09/21;402;8560.87;778;371235;471896
;Pain Reliever PM;2021/09/13;506;8162.83;246;28897;409201
;Allergy Relief;2022/03/18;885;593.76;627;349345;961190
;Clobetasol Propionate;2021/08/07;338;2820.61;892;190511;632666
;Primidone;2021/10/16;22;5064.9;517;251636;546120
;Chlorothiazide;2021/09/04;957;537.43;431;373560;130018
;CLINIMIX E;2022/05/04;957;8993.29;254;134307;6380
;good sense enema;2022/05/26;27;1310.44;402;134512;959657
;CARYA OVATA POLLEN;2022/03/29;735;3245.92;444;293578;501398
;telmisartan;2022/01/04;778;5776.68;24;231276;873905
;Levocetirizine Dihydrochloride;2021/12/17;481;7346.35;186;351373;925898
;Hand Sanitizer;2021/11/22;62;7785.64;991;170777;892357
;Allergy Rescue;2021/09/03;533;917.41;186;217563;58046
;ACREMONIUM STRICTUM;2022/07/08;711;1421.78;640;396797;702712
;Hydrochlorothiazide;2022/01/30;609;316.25;22;246652;546428
;Silver Nitrate;2022/06/12;445;4676.16;853;57123;438289
;Tretin-X;2022/05/12;100;916.74;663;300622;945102
;Medi UV Block Suncream SPF50 PA;2022/04/28;889;9364.34;184;86521;384094
;BECONASE;2022/01/26;391;9965.3;423;258139;81636
;Fluoxetine;2022/06/14;580;6968.35;543;100017;125210
;Ramipril;2021/09/30;573;2472.68;175;376222;293846
;Coumarin;2022/02/11;866;86.35;431;145355;878720
;Metadate CD;2021/12/05;328;6328.99;85;209666;598330
;Action Cream;2021/09/04;615;9260.65;574;256909;76299
;Smart Sense Cold Sore Treatment;2022/03/22;838;9171.59;72;72810;394902
;Deb Antimicrobial Fragrance and Dye Free;2022/03/31;115;8529.1;952;369185;530380
;Treatment Set TS346619;2022/05/02;832;9213.27;461;239925;939672
;Silicea;2022/04/01;768;4379.55;479;306186;55589
;Aptiom;2022/04/05;115;5634.56;582;97971;213787
;Oxygen;2021/12/10;64;1905.17;770;165712;918659
;ELOCTATE;2022/05/31;693;4278.56;221;90191;241732
;Fluoxetine Hydrochloride;2022/06/25;52;2969.98;388;47458;541388
;Protonix;2022/01/20;626;5154.57;15;345317;706543
;Clobetasol Propionate;2022/07/20;845;4221.15;372;284370;388476
;amcinonide;2022/05/17;542;9375.83;266;334735;21130
;Didanosine;2021/12/07;872;7948.15;267;178631;533167
;Ban;2021/08/08;54;4938.18;766;267324;691846
;Levetiracetam;2022/02/12;311;1627.72;118;87068;648249
;Naproxen Kit;2021/11/16;793;7824.82;327;387767;789158
;DOCUSATE SODIUM;2022/02/16;625;5281.49;214;34581;798759
;Sweet Red Apple Antibacterial Foaming Hand Wash;2021/12/18;25;842.14;950;391041;449751
;Eye Drops Advanced Relief;2021/08/07;302;8875.03;795;111004;372107
;PERIOSCIENCES HYDRATING AO Pro;2021/08/17;237;7778.37;861;328458;942933
;Pollens - Trees, Elm, Chinese Ulmus parvifolia;2022/02/20;603;532.81;173;34248;647642
;Crest Pro-Health Stages;2022/07/05;982;735.21;804;41039;514122
;Vivacaine;2021/10/18;916;5507.36;781;217597;342221
;Pleo Poly D;2022/06/12;894;9534.91;535;76115;207123
;CLE DE PEAU BEAUTE REFINING FLUID FOUNDATION;2022/07/03;728;7266.97;65;169186;238307
;hydroxyzine pamoate;2022/04/11;360;1269.48;943;382776;130176
;Hydroxychloroquine Sulfate;2022/07/11;188;4441.58;482;302873;536908
;STAVZOR;2021/12/26;118;7346.49;188;326797;731264
;Metformin hydrochloride;2022/05/28;656;1377.63;323;64973;662961
;Magnesium Sulfate;2021/12/11;771;7733.14;806;217561;75525
;Edarbi;2022/01/02;486;6195.15;483;12947;602472
;Uricalm;2022/03/02;414;22.02;825;146796;912163
;AZACTAM;2022/03/25;510;8180.38;510;226507;951824
;everyone Hand Sanitizer;2021/09/22;491;6511.3;793;280736;709118
;Torsemide;2022/07/02;149;6194.75;432;223664;981859
;No7 CC;2022/02/09;922;5660.31;730;300544;397715
;Gabapentin;2022/04/29;427;8069.14;278;113954;697819
;Sheffield Bacitracin Zinc;2022/05/15;40;1415.48;977;271477;701606
;Diethylpropion HCl Immediate-Release;2022/03/15;267;6341.29;242;336698;239593
;Childrens Allergy Relief;2021/09/22;357;9031.5;348;384396;346742
;DIARREX;2022/01/08;755;8723.36;334;34565;559459
;Pleo Pin;2022/04/08;383;7059.78;761;365740;685300
;Triamterene and Hydrochlorothiazide;2021/08/19;759;6997.72;970;158273;114737
;Smart Sense;2022/07/21;603;963.81;649;83324;495222
;Cholestyramine;2021/09/22;727;3401.68;221;234973;149437
;Levitra;2022/04/20;901;9472.4;34;209934;278765
;Atenolol;2021/12/16;862;4217.18;274;163540;373270
;PainDefense;2022/04/13;572;2957.11;103;124931;415200
;Ampicillin;2021/09/24;710;4172.19;844;389804;929659
;Levothyroxine Sodium;2022/01/24;681;910.76;959;196203;318606
;Zap APF;2021/08/10;945;203.62;658;206558;955024
;TERUFLEX Blood Bag System with Blood Sampling Arm Anticoagulant Citrate;2022/06/07;431;2458.84;841;205399;787307
;Health Mart Stool Softener;2022/06/06;275;3246.45;599;338104;993583
;Green Guard First Aid Eye Wash;2021/08/15;613;9654.17;761;170849;106618
;Sani Spritz;2021/08/10;842;3228.47;574;296020;602622
;Ecolab;2022/05/31;277;2892.75;645;194328;762051
;SAVELLA;2022/06/08;94;5809.52;759;86630;487530
;Oxycodone Hydrochloride and Acetaminophen;2022/06/10;614;2199.38;637;163942;987143
;Good Neighbor Pharmacy Tab Tussin DM;2022/01/13;723;794.09;477;257484;275524
;Carbamazepine;2021/11/22;566;7077.15;500;302985;606114
;Estradiol;2021/09/09;16;5736.29;940;77969;288124
;Moisturizing Hand Sanitizer;2021/08/16;545;1871.97;75;118667;498988
;Alendronate Sodium;2021/08/28;450;7958.04;77;207552;1638
;Johnson Grass Pollen;2022/01/09;684;7540.89;489;368861;758315
;PredniSONE;2021/12/26;739;615.13;711;299879;854167
;SHISEIDO FUTURE SOLUTION LX TOTAL RADIANCE FOUNDATION;2022/04/07;801;3729.23;612;41918;756369
;risperidone;2022/06/26;515;898.15;125;3320;152410
;Atuss DS Tannate Suspension;2021/10/04;661;5793.05;884;187058;884376
;Mycophenolate Mofetil;2022/02/27;978;9097.29;70;396786;138207
;Cardinal Health Sanitizer;2022/02/27;996;2792.48;622;105459;866847
;Heparin Sodium;2021/10/30;912;1706.03;865;110470;449009
;Nicotine Free;2022/01/08;736;6424.39;164;187604;279149
;Pork;2022/03/12;500;3430.99;583;219103;342483
;Thyroveev;2021/08/17;634;4120.23;7;362980;36269
;Desoximetasone;2022/04/25;913;7964.12;411;282951;784393
;Morphine Sulfate;2022/02/27;941;6559.16;130;209851;858812
;TONYMOLY FLORIA WHITENING ESSENCE;2021/10/12;979;7210.29;941;169130;51928
;Childrens Strength Pain and Fever Relief;2021/08/25;885;6150.6;949;379491;784289
;fomepizole;2021/12/13;378;8706.88;776;300853;312978
;Levemir;2021/10/01;34;3495.37;96;37192;533016
;Olanzapine;2021/08/19;2;8451.34;346;323982;898866
;Analpram E;2022/07/19;270;1916.51;267;347437;129657
;Finasteride;2021/12/09;140;9748.41;952;317948;873686
;ISENTRESS;2021/09/07;656;8045.48;521;132870;293419
;simvastatin;2022/06/07;697;8440.23;289;101522;203093
;Vaporizing Chest Rub;2021/08/31;379;8022.69;674;263709;593684
;Torsemide;2022/02/17;755;7905.05;731;273200;871592
;Ceftriaxone Sodium;2021/09/28;289;7737.63;212;11476;783817
;Cauliflower;2022/02/13;580;90.92;285;30376;714813
;Allopurinol;2021/11/25;25;1551.6;328;141090;931889
;ASPIRIN LOW DOSE;2022/05/16;187;8243.55;335;338959;998500
;Bambusa Viscum Stannum;2022/05/31;510;1535.15;898;166483;625369
;American Sales Company;2021/09/24;986;3782.87;110;335936;895578
;Pamidronate Disodium;2021/10/02;934;3424.9;384;267132;604651
;Motion Sickness II;2022/03/09;684;5349.69;487;260467;7860
;CARE ONE;2022/03/21;151;9337.26;516;144646;716022
;Beet;2022/07/21;956;1579.88;757;83273;899939
;Alprazolam;2021/08/06;657;3461.03;496;387006;632109
;Hydrochlorothiazide;2021/09/22;687;1503.42;457;130970;18332
;ABILIFY;2021/11/09;573;7846.85;483;44578;342430
;Diaper Rash;2021/08/30;668;4469.06;267;168915;364793
;PAIN RELIEVER PM;2021/08/30;913;7539.09;324;284531;177030
;Sodium Chloride;2021/08/03;198;295.98;892;394060;199241
;Oxybutynin Chloride;2022/03/08;986;7113.82;484;335192;730497
;Altoprev;2022/01/17;512;830.07;167;3481;3766
;Methocarbamol;2022/01/29;832;7784.36;292;309471;874042
;Paclitaxel;2021/11/12;25;7774.37;241;9314;310546
;Urea;2022/07/21;238;7249.11;113;348420;337605
;Ciprofloxacin;2021/11/12;861;3079.92;404;380767;934957
;Hello;2022/06/14;258;4134.91;186;115330;756876
;Lamotrigine;2021/12/29;778;6562.25;719;359658;523130
;Good Neighbor Pharmacy Nicotine;2022/01/27;317;8569.02;998;228730;185781
;NITROUS OXIDE;2021/12/26;945;3761.4;125;15053;168509
;Chloroquine;2022/05/13;604;7973.96;530;323539;461425
;Warfarin Sodium;2021/08/02;834;1391.87;915;178310;873504
;SyReflux;2021/09/20;450;735.8;925;26474;541704
;LIQUIDAMBAR STYRACIFLUA POLLEN;2022/03/15;553;5131.75;768;103;55572
;up and up cough suppressant dm;2021/12/14;919;9715.64;135;314786;431597
;Bisoprolol Fumarate;2022/04/24;687;3522.21;396;244945;512375
;Cephalexin;2022/07/25;755;1782.8;34;178712;641575
;ESIKA;2022/07/15;880;8287.13;902;387153;152998
;X-PEL Anti-Lice;2022/05/06;361;6603.78;445;103983;573423
;Treatment Set TS348283;2021/09/12;286;3870.03;88;345465;189875
;Pre-Tabs DHA;2021/11/20;598;8069.72;978;203574;207962
;SkinTx Acne Treatment System;2022/02/11;477;2313.64;478;250379;153209
;Erythromycin;2022/02/16;185;3400.34;61;358865;399857
;Alfuzosin Hydrochloride;2022/03/14;183;2750.03;139;221821;420359
;Omeprazole;2021/12/02;98;8140.44;41;18915;130719
;Amitriptyline Hydrochloride;2022/01/08;808;3315.51;81;16483;407465
;Aveeno Active Naturals Nourish Plus Dandruff Control;2021/10/13;543;6844.24;832;148660;439250
;LANEIGE Snow BB No.2 Natural BB;2021/08/23;141;437.66;407;347995;226436
;ARAMIS LAB SERIES POWER PROTECTOR;2022/01/24;262;9122.53;744;29592;927108
;SUPRANE;2022/06/10;114;1447.96;563;322235;429107
;Cinnamon Sticks Antibacterial Foaming Hand Wash;2022/01/14;26;5771.28;358;13141;10775
;Nicardipine Hydrochloride;2022/01/07;33;4281.01;402;118127;205283
;Glipizide;2022/06/10;99;9245.81;357;134785;905018
;Insan Bamboosalt toothpaste;2021/12/24;285;3087.14;548;210968;162459
;SILICEA;2022/05/20;444;7935.95;756;161284;352285
;Hydrocortisone;2022/04/30;882;9282.82;23;300551;589801
;Stay Alert Aid;2021/11/29;483;4363.4;559;383644;337584
;Clomipramine Hydrochloride;2021/12/12;288;8018.32;412;150240;95230
;Ciprofloxacin Hydrochloride;2022/03/05;710;8534.1;656;71940;970799
;daytime nitetime sinus;2022/01/05;973;3178.4;32;354464;190792
;MittiHeal;2021/08/25;274;5250.47;934;201523;362332
;Ketorolac Tromethamine;2021/11/23;702;5801.49;864;221514;901995
;Extra Strength Headache Relief;2021/10/29;256;7656.01;78;292832;61519
;Cenestin;2021/08/10;930;366.62;231;98093;630195
;Methylphenidate Hydrochloride;2022/04/02;126;5294.28;228;60377;895310
;Oxygen;2021/11/24;937;7793.11;720;54717;213987
;PRED FORTE;2021/10/27;185;6242.02;319;134389;520821
;MEDI-FIRST PLUS Ibuprofen;2021/10/03;766;4297.61;735;84129;958176
;DEMEROL;2022/03/06;899;3924.91;774;188007;612953
;Ganmaoling;2021/10/14;80;9020.42;197;23547;428662
;Folic Acid;2021/09/20;496;9949.86;883;47634;686486
;Tolterodine Tartrate;2022/03/30;728;6785.97;968;100409;346343
;Menstrual - PMS;2022/06/15;231;7001.41;507;165036;900724
;Lipitor;2022/05/06;549;2658.29;311;129591;128308
;OHL O2;2021/12/08;270;2442.04;5;190188;92183
;Levothyroxine Sodium;2022/04/20;650;4001.4;53;290370;856790
;Cilostazol;2022/04/17;287;9064.66;496;35792;435479
;Amantadine Hydrochloride;2021/11/23;991;4750.66;184;364131;793327
;LBEL Couleur Luxe Rouge Amplifier XP amplifying SPF 15;2022/05/01;614;6812.22;633;278173;895730
;ACTONEL;2022/03/13;280;5505.95;743;342546;125779
;Good Neighbor Pharmacy Flu and Sore throat;2022/03/19;22;3512.63;375;202528;949872
;Anticavity Fluoride Rinse;2021/08/03;412;4655.54;362;42906;309095
;Citrus Hand Sanitizer;2022/05/07;11;5702.84;59;161676;11436
;Dicyclomine Hydrochloride;2022/04/30;940;716.75;304;247648;527374
;Doxepin Hydrochloride;2022/05/25;648;8212.43;444;258960;985066
;Amoxicillin;2021/12/10;551;8569.12;576;191212;62164
;Ibuprofen;2022/07/26;537;4780.21;353;90083;306686
;Nikki;2021/09/20;401;4648.64;972;70541;82478
;CD DIORSKIN STAR Studio Makeup Spectacular Brightening with sunscreen Broad Spectrum SPF30 080;2022/07/22;743;7989.5;704;90141;794655
;Lithium Carbonate;2022/05/04;294;7778.88;807;701;803413
;Amitriptyline Hydrochloride;2021/11/22;542;8798.9;666;261947;600372
;Monodox;2021/08/30;203;7810.5;187;233365;234896
;Cardinal Health Fluoride Anticavity;2022/07/16;459;8043.96;366;266962;661419
;ARTEMIS Alcohol-Free Antiseptic Foam Hand;2022/05/08;851;3737.36;50;76194;575992
;Naproxen Sodium;2022/03/12;911;3146.73;214;283131;520092
;Nicardipine Hydrochloride;2021/10/08;997;1256.45;778;66914;684185
;Promethazine Hydrochloride;2022/07/04;746;4145.37;620;75764;436356
;Antibacterial Hand - Witchs Brew and Scaredy Cat;2021/09/22;479;5278.69;559;395482;406110
;Sodium Chloride;2021/10/19;312;677.91;557;313252;949246
;Chronic Fatigue Therapy;2022/06/02;44;9504.32;355;4701;570427
;Caffeine;2021/12/21;535;7865.56;992;241375;518412
;Azelastine Hydrochloride;2022/06/25;186;9026.12;527;379668;200093
;Driminate;2022/06/03;273;6664.99;156;332973;503244
;Foaming Hand Sanitizer;2021/12/10;50;9423.35;359;58814;824492
;Azithromycin Dihydrate;2021/09/29;68;8916.22;317;332617;906798
;Oxytocin;2022/05/12;191;3245.19;435;6874;212511
;zaleplon;2022/02/14;763;7045.08;440;7799;837916
;Efudex;2022/06/16;3;8573.57;668;260971;942218
;Treatment Set TS351313;2021/08/25;921;2309.77;125;388515;423664
;Enalapril Maleate and Hydrochlorothiazide;2022/01/25;279;3224.09;508;251122;108029
;ATOMY BB;2022/05/18;328;3718.53;374;294161;406458
;Apis Mellifica Kit Refill;2022/01/17;304;1972.52;549;121166;795458
;Pleo Pin;2021/12/29;517;5135.1;861;198713;650876
;IFEX;2021/10/07;914;3464.6;503;34243;456303
;risperidone;2022/06/17;684;9983.5;153;263044;398413
;Pulsatilla Kit Refill;2022/06/25;150;8494.43;22;197264;619053
;CEFTIN;2022/01/02;335;1234.35;157;28589;457612
;Sertraline Hydrochloride;2022/06/27;926;9328.59;235;367119;745984
;California Black Walnut;2022/01/02;213;8825.69;349;209582;272939
;Sotalol Hydrochloride;2022/01/19;511;7776.8;241;33471;634985
;Kroger;2022/05/26;218;3255.06;420;365081;421224
;Hyperactivity - Mental Focus;2022/04/24;470;2762.53;161;136018;827181
;Calcium Antacid;2022/02/03;40;5377.01;773;148149;977342
;Didanosine;2021/09/19;339;2799.3;292;8830;543568
;Acyclovir;2022/01/26;719;8664.52;59;356700;748837
;Risperidone;2021/11/01;49;1788.15;184;220477;310730
;Petroleum;2022/07/04;571;1194.3;950;140496;932035
;Benicar;2021/10/01;10;7851.84;784;371548;88642
;Platinol-AQ;2022/04/14;913;9103.75;932;176253;859210
;Sulfamethoxazole and Trimethoprim;2021/12/03;845;2501.85;277;140024;529235
;Rubbing;2022/03/30;350;406.22;658;279517;663828
;Methimazole;2021/11/24;412;1046.04;605;363722;740013
;Milrinone Lactate;2021/08/17;826;482.17;278;167047;644871
;Lady Speed Stick;2022/04/25;531;9978.04;715;157920;845195
;cough and sore throat;2021/11/04;415;6506.67;71;43321;377211
;Nadolol and Bendroflumethiazide;2022/01/09;430;7133.05;600;173594;27195
;Mens rogaine;2021/08/30;120;7365.94;906;167946;302913
;VANIQA;2021/10/02;763;233.25;355;55809;860100
;Sunmark Childrens Pain and Fever;2021/10/20;300;9132.1;961;266577;901335
;Phenytoin Sodium;2021/12/04;102;9221.43;836;208001;870069
;DDF Sulfur Therapeutic;2021/12/24;961;5434.47;393;330002;819486
;Polymyxin B;2022/02/04;729;7061.99;110;276141;796689
;Allopurinol;2022/05/31;229;278.53;146;4100;822517
;Phenazopyridine Hydrochloride;2021/09/04;130;8067.72;533;317362;599818
;Plasbumin;2022/01/13;261;615.21;264;158264;246020
;Aricept;2022/04/29;959;1658.44;962;293323;284985
;Cilostazol;2022/04/14;591;9617.75;842;289836;163887
;Eczema and Psoriasis Therapy;2022/04/18;135;8871.08;390;155639;783756
;Vitis Stibium;2021/08/26;432;4448.91;843;243819;158624
;PERCH;2021/11/20;256;6997.83;410;258202;810
;Olanzapine;2022/06/10;288;8031.19;47;84703;988091
;Hydrocodone Bitartrate and Acetaminophen;2022/06/23;42;9824.87;706;102024;80964
;Ethambutol Hydrochloride;2022/07/16;357;7800.41;997;262841;239349
;Antiseptic;2021/11/28;505;4461.31;327;111912;180577
;Pioglitazone Hydrochloride;2021/11/15;881;7729.18;595;129795;61620
;Cyclopentolate Hydrochloride;2021/12/03;155;6466.42;127;16686;836360
;Anticavity;2021/12/20;543;5638.05;186;132808;375769
;Kroger DayTime Flu plus Severe Cold and Cough;2022/05/09;656;8167.03;963;181755;167794
;Loxapine;2022/02/23;874;4090.09;715;308485;517492
;Omeprazole;2022/03/17;617;2803.19;155;170271;631769
;PredniSONE;2022/06/04;518;385.22;172;107748;797133
;Paroxetine;2022/07/10;312;6951.58;59;169689;373950
;Perphenazine;2022/02/07;625;7012.57;486;158454;613944
;CareOne Childrens Cold and Allergy;2022/02/02;212;7337.09;790;275018;797770
;Ondansetron Hydrochloride;2021/07/29;868;5115.05;195;335398;924906
;Natural Fiber Powder;2021/11/22;506;263.37;641;185727;63155
;Propranolol Hydrochloride;2022/04/27;787;9886.46;738;297367;836739
;Weight Loss XL;2022/06/08;493;1467.46;352;90334;381035
;Ritalin;2021/08/28;157;5303.85;280;46858;148966
;clear days ahead;2022/07/08;590;6448.23;442;149925;863226
;BIRCH MIX, RIVER/PAPER/SWEET/WHITE POLLEN;2021/09/21;153;2228.71;655;221910;576405
;Quetiapine Fumarate;2021/09/22;678;9557.36;516;210916;240305
;EEMT;2022/03/10;534;8156.32;233;50286;182067
;Zorbtive;2021/12/17;379;5025.43;710;206227;750055
;WELLBUTRIN;2021/11/15;756;2064.88;447;208729;466542
;Betaxolol;2022/02/25;95;8857.44;151;159361;590984
;Instant Foam;2022/02/16;934;9208.61;43;226663;756139
;PRED FORTE;2021/11/07;467;4618.93;902;7973;608106
;DARAPRIM;2021/11/04;572;8214.54;957;92815;332897
;Ropinirole Hydrochloride;2022/01/25;168;1932.53;18;231051;153799
;CD CAPTURE TOTALE Triple Correcting Serum Foundationcreen Broa;2021/09/15;988;4784.95;38;22221;493666
;Meclizine Hydrochloride;2022/02/04;512;2348.4;939;259177;777281
;Oral Dent;2022/01/24;271;9720.19;539;177604;132100
;Glyburide and Metformin;2021/11/30;173;2146.63;324;274081;526535
;DNA;2022/04/22;18;1376.52;123;272002;947055
;OXYCODONE AND ACETAMINOPHEN;2021/11/04;506;5026.28;105;288068;243032
;Kmart Corporation;2022/01/29;209;3238.3;972;398325;606759
;Lorazepam;2022/04/23;754;5094.87;490;351973;1095
;Koh Gen Do Maifanshi Makeup Color Base;2021/10/12;331;1532.55;391;297177;84745
;Amitriptyline Hydrochloride;2022/06/20;913;1669.9;265;36602;757360
;Isopropyl alcohol Prep Pad;2021/08/23;49;4945.1;132;269399;876941
;Alka-Seltzer Plus;2022/04/19;5;6682.81;170;277623;964798
;Mineral Oil Lubricant Laxative;2021/09/23;132;6128.4;779;122370;497600
;Poverty Weed;2021/09/02;567;9289.6;141;97874;763178
;Neutrogena All in 1 Acne Control;2021/09/01;253;6014.13;465;46033;638135
;DG Health Pain Reliever;2021/08/05;128;7250.8;439;272025;217675
;Tramadol Hydrochloride;2021/08/17;987;7606.68;805;366106;879794
;daytime;2021/09/16;81;2069.62;384;349124;929848
;04 Balancing Foundation;2022/03/27;515;8128.23;193;148742;822865
;hydrocodone bitartrate and acetaminophen;2022/02/23;354;3905.07;752;170064;586375
;Well at Walgreens;2022/03/23;513;8364.1;778;120082;640779
;Thymupar;2022/07/15;980;8222.53;482;356355;48245
;Amlodipine Besylate and Benazepril Hydrochloride;2022/02/26;106;8929.24;17;3044;53037
;Calcium Carbonate;2022/01/18;452;9592.48;757;64254;460082
;Sunscreen Day Broad Spectrum SPF 40;2022/06/22;896;2232.91;144;384162;390874
;CLARINS Ever Matte Broad Spectrum SPF 15 Tint 104;2021/10/13;488;7026.75;323;324920;240299
;Cultivated Rye;2022/04/18;971;7028.56;156;312458;378375
;Hydrocortisone Butyrate;2021/09/24;266;7522.75;643;109179;894210
;Naproxen Sodium (NSAID);2022/07/06;325;9068.96;730;75142;22751
;Amoxicillin and Calvulanate Potassium;2021/12/19;373;9533.96;765;65516;939485
;Ceftriaxone Sodium;2022/04/19;659;1979.59;427;222640;852442
;Potassium Chloride in Dextrose and Sodium Chloride;2021/12/16;145;2383.79;232;187750;785010
;THE FLOWER UV INTENSE PACT;2021/12/20;599;7473.04;1000;168710;771356
;SENSAI FLUID FINISH FF204;2022/07/10;702;9462.74;280;323531;867170
;CobraZol;2022/02/19;559;8131.63;312;186243;277001
;Candida HP;2022/07/08;71;6211.32;457;218535;124523
;Ampicillin;2021/07/29;695;6353.64;382;233528;48241
;Dramamine Orange;2021/12/11;472;2900.57;912;63155;468220
;Strophanthus Nicotiana;2021/10/13;697;3306.3;646;269147;445767
;PM Acetaminophen;2022/02/05;721;7378.03;964;65427;940550
;Cisplatin;2022/03/02;314;5576.5;260;335270;215319
;SUN Solar Defense Organic SPF30;2022/05/27;553;69.51;797;285778;65337
;Cold and Flu;2021/08/25;100;5456.9;853;174781;554962
;Progena;2022/06/06;554;5423.18;710;244191;550590
;Meloxicam;2022/02/01;673;6048.68;678;324329;288182
;Good sense sleep aid;2022/07/27;874;1571.17;164;324327;72635
;Quinapril;2021/07/30;743;9986.33;370;309244;310114
;SINGULAIR;2021/08/12;36;6999.31;337;241973;965750
;Chlorpromazine Hydrochloride;2022/01/29;815;2214.48;550;12675;154755
;Ceftazidime;2022/07/01;479;6115.81;280;397473;858848
;Oxaliplatin;2021/11/14;681;1530.56;497;118067;824877
;HYDROCORTISONE;2022/07/25;449;9472.65;992;367897;411454
;Mucus Relief;2021/09/20;637;9689.17;295;52371;921965
;Simvastatin;2021/10/08;420;3482.75;538;95702;904960
;Bupropion Hydrochloride;2022/06/11;878;3680.92;374;166948;19039
;Viscum Abietis e pl. tota 4 Special Order;2021/11/08;432;6527.25;675;250827;783680
;Oxycodone Hydrochloride;2022/02/03;31;8600.1;725;71842;287724
;Metoclopramide;2022/06/06;310;3101.44;936;275782;224417
;TRUFFLE EX WRINKLE EMULSION;2022/04/04;60;912.85;201;199668;661920
;Childrens mucus relief multi-symptom cold;2021/10/03;805;5987.94;87;339384;251198
;SHISEIDO THE MAKEUP FOUNDATION;2021/07/30;319;3304.35;343;383204;373048
;Phospholine Iodide;2021/08/06;824;8820.61;569;123357;965252
;Sevoflurane;2022/02/10;704;4222.72;994;396430;896239
;Artificial Tears;2022/07/07;510;8901.2;437;371306;779127
;Naturasil;2022/06/12;114;1900.88;958;96315;542767
;SPASMODIC COUGH;2021/10/01;770;4918.47;940;126464;238392
;Omnaris;2022/04/14;979;5167.66;773;147964;457688
;Haloperidol Decanoate;2021/08/29;292;128.77;749;381782;33112
;Losartan Potassium;2022/05/10;64;2894.03;843;128480;312850
;Rapid Repair Balm;2021/09/30;284;2374.44;271;390142;884975
;Jelly Bean Antibacterial Hand;2022/06/07;178;8687.08;23;327391;941027
;Galantamine;2022/03/23;99;8507.68;736;3336;726182
;Junior Acetaminophen;2022/07/14;689;3841.68;496;218870;31506
;Rayito de Sol Sunscreen SPF 6;2022/01/05;10;4417.17;417;365696;5917
;ck one 3-in-1 face makeup;2021/10/03;358;1451.19;96;351409;844158
;Fluphenazine Hydrochloride;2021/11/07;314;5813.45;584;159014;431820
;Prevantics Maxi Swabstick;2022/07/25;521;6572.07;164;41982;675173
;NITROGEN;2022/01/31;458;1676.44;919;376902;539301
;Cordran;2022/07/14;637;628.16;382;393281;333942
;Imipenem and Cilastatin;2022/03/28;958;6844.04;821;74838;786963
;Lithium Carbonate;2022/02/04;856;3407.3;928;59502;627583
;Allergy Relief Now Inhaled Allergy Remedy;2022/06/01;122;1883.24;718;260338;249973
;Libera Tos;2021/12/21;734;9473.46;141;395070;595621
;Walgreens Sunscreen;2022/07/27;319;613.71;232;387687;789951
;Carvedilol;2021/09/12;603;2866.75;116;82671;830226
;Candesartan Cilexetil and Hydrochlorothiazide;2022/03/29;37;3612.77;552;216778;281805
;Waterless Anti-Bacterial Hand Cleanser;2021/10/06;840;1088.19;407;89536;928850
;DEBLITANE;2021/07/30;232;1775.8;38;179052;301501
;Lancome Paris Absolue Precious Cells Sunscreen Repairing and Recovering Day;2021/12/16;126;8567.22;801;236010;948030
;No7 Stay Perfect Foundation Sunscreen SPF 15 Tan;2021/11/21;805;6284.33;840;116655;126535
;CALCITRIOL;2021/11/01;862;9708.75;67;333987;769331
;Simply Right Omeprazole;2022/05/13;568;8053.55;715;286965;342492
;Arnica Retina;2022/05/07;409;5696.82;626;397454;649727
;Pullularia;2022/03/27;488;4257.39;768;211450;995119
;Omeprazole;2021/08/26;856;5692.22;394;159457;308064
;Mononine;2022/01/27;943;8756.6;465;333070;402922
;Acyclovir Sodium;2021/11/05;582;2431.9;878;149470;449267
;Good Neighbor Pharmacy Diaper Rash;2022/02/16;111;356.5;216;333940;859952
;ULTRAM ER;2022/06/26;964;9066.18;479;298115;400760
;Propranolol Hydrochloride;2021/10/07;74;8042.72;278;219876;146909
;Adrenoplex;2022/06/09;502;2362.35;495;62636;2067
;Mirapex;2022/05/05;41;1501.98;586;97236;893887
;CAPTOPRIL;2022/05/13;651;746.69;826;102147;285536
;Metformin hydrochloride;2022/06/16;810;2901.28;173;267088;647484
;All Day Pain Relief;2021/12/12;619;8840.02;169;324236;229516
;Antibiotic and Pain Relief;2021/11/02;204;472.77;957;3129;978644
;Petroleum;2022/05/30;706;5432.27;309;94423;211750
;Estradiol;2021/12/03;814;7637.78;961;29690;655826
;sunmark pain reliever pm;2022/04/25;230;1333.07;799;326874;860119
;BLATELLA GERMANICA;2021/12/04;962;4382.21;871;205950;167711
;PASPALUM NOTATUM POLLEN;2021/12/01;943;3852.28;513;387817;776018
;Lisinopril;2021/11/04;753;8174.78;203;265598;102808
;SHISEIDO THE MAKEUP PERFECT SMOOTHING COMPACT FOUNDATION (Refill);2021/11/07;616;6495.98;166;293740;50183
;Equate One Step Corn Remover Pad;2022/06/12;73;9648.69;995;71872;953082
;Technetium Tc99m Generator;2021/12/09;682;1670.32;185;120973;115409
;Neutrogena Ultra Sheer;2021/08/21;766;8845.52;624;374790;813725
;Hydrocortisone;2021/10/21;450;3273.82;770;163044;78666
;Childrens Cold, Cough and Sore Throat;2022/02/13;727;2598.95;393;373806;916063
;Isopropyl Rubbing Alcohol;2022/01/20;714;6524.7;631;35895;194927
;Microsporum audouinii;2021/10/23;79;3052.8;482;356493;877236
;Rhumatol;2022/07/27;378;5158.81;848;156329;60942
;Fluconazole;2021/12/08;417;6470.37;153;143579;431674
;SBS 40;2022/02/08;824;1605.64;729;117654;174176
;M WOMANS EROS BODY GLIDE;2021/10/25;950;9463.69;770;9310;77436
;JUNIPERUS VIRGINIANA POLLEN;2021/09/11;592;565.25;136;49258;680545
;DT Whitening Anticavity Fluoride;2021/11/15;685;58.71;734;29075;3738
;Actoplus Met;2021/09/19;42;5334.87;567;269388;917715
;LOTRONEX;2021/10/26;894;6039.46;165;258354;332385
;Gabapentin;2022/03/02;639;8035.79;695;174495;509842
;Sodium Chloride;2021/10/24;481;1642.3;232;115986;29234
;Esgic-Plus;2022/03/26;615;88.01;470;101417;97945
;Safe Harbor - Natural Anti-Aging Sunscreen Broad Spectrum SPF30 Sunscreen Sensitive Skin;2021/11/01;166;6677.83;702;333752;553339
;Trazodone Hydrochloride;2021/12/30;997;4855.61;24;183787;560696
;Aspirin;2021/07/30;131;737.98;652;394361;355106
;Sprayology SleepEase;2021/09/14;923;4906.45;507;74897;711909
;Tartar Control Plus;2021/12/30;395;2927.73;523;90624;808366
;CEFTRIAXONE;2021/07/31;635;9974.26;156;55943;993911
;Glumetza;2022/01/01;172;6006.26;232;105597;199245
;Dr G Whitening REFORMER by EGF;2021/10/24;40;2548.78;196;174944;470970
;Amitriptyline Hydrochloride;2021/11/30;697;6905.67;76;168158;405783
;Rare Gold;2022/01/23;407;5404.97;841;9407;651361
;Medrol;2022/02/21;812;5560.87;769;119343;893213
;Sun Mark Allergy;2022/03/29;767;7141.61;8;141035;631618
;BIVIGAM;2021/11/22;575;7245.49;49;385005;554965
;GENTAMICIN SULFATE;2022/04/16;232;6468.89;718;295580;722174
;ESIKA;2021/11/29;325;8761.99;154;74125;425782
;Triamcinolone Acetonide;2022/04/07;318;5864.78;590;163312;835846
;ENALAPRIL MALEATE;2022/04/16;950;4458.29;348;32231;455954
;Alprazolam;2021/10/13;390;5731.51;264;106886;751225
;Hydrochlorothiazide;2022/04/02;507;8829.44;300;343093;830701
;Nifedipine;2022/02/06;874;7376.93;371;51701;846092
;HQRA-OTC;2022/04/04;815;6724.92;737;110474;35754
;VITAMIN D;2022/01/03;407;35.07;224;328035;488265
;Mercurius auratus Pulmo;2021/09/28;555;5535.01;722;328911;658263
;Antibacterial Hand Polar Mint;2022/05/09;896;4944.08;506;170879;806738
;triple antibiotic;2022/07/17;503;1634.57;459;397523;452364
;Sage Mixture;2022/02/23;181;2968.54;419;91149;488107
;ABACAVIR SULFATE, LAMIVUDINE AND ZIDOVUDINE;2022/01/12;27;7847.51;270;39323;93409
;Sulfamethoxazole and Trimethoprim;2021/08/11;441;1326.67;348;42685;655460
;Hydromarine;2021/08/20;758;9913.01;793;317835;495619
;sunmark ibuprofen ib;2022/06/28;627;6398.3;602;330668;219904
;Bacitracin;2022/02/27;593;629.43;472;386070;404646
;Complexion Perfector BB SPF20 Medium;2022/03/29;950;4508.44;176;58738;680613
;Gabapentin;2022/03/17;656;161.2;150;351024;135504
;Buprenorphine HCl and Naloxone HCl;2021/10/22;225;9792.91;495;372483;474897
;Orchard Grass, Standardized;2022/03/18;112;8062.45;674;376987;790963
;Amari;2022/03/25;512;296.89;860;214456;676718
;Metformin Hydrochloride;2021/09/03;639;7353.18;650;248080;96718
;EPZICOM;2021/08/13;50;2494.87;363;287269;595197
;Parathyreoidea Aurum Special Order;2021/11/28;936;6760.05;33;154220;555028
;Male Energy;2021/11/02;448;7256.48;700;200585;384409
;Tussin DM;2022/04/18;235;443.82;940;261151;496448
;Celery;2022/05/15;67;2065.84;155;82438;899848
;PROMETHAZINE HYDROCHLORIDE;2021/09/26;332;9875.18;412;386099;300493
;Colcrys;2022/02/02;764;60.11;832;111089;997378
;Antiseptic Mouth Rinse;2022/02/23;955;4051.51;572;288402;200467
;risedronate sodium;2022/01/29;539;1978.05;524;122865;185619
;Clindamycin Hydrochloride;2022/05/27;389;8785.23;336;219509;877973
;Herpes Simplex Remedy;2022/05/16;981;6277.15;635;87231;176416
;Crest Complete Multi-Benefit;2022/04/15;421;1009.43;981;188002;878425
;Enoxaparin Sodium;2021/12/19;372;4089.07;173;175231;596995
;Librium;2022/07/19;231;7973.78;217;219304;746144
;Acetaminophen and Codeine Phosphate;2022/03/05;186;446.52;47;399346;547019
;ONDANSETRON HYDROCHLORIDE;2022/01/16;461;9838.21;900;91331;216335
;Ciprofloxacin Hydrochloride;2022/07/17;700;1238.65;527;313839;727411
;Tekturna HCT;2021/09/17;966;2346.11;777;152221;874870
;Perphenazine;2022/02/03;554;6380.01;981;6238;59862
;Scytera;2021/10/19;118;9670.43;810;168422;656989
;Medrol;2021/08/29;340;6412.09;843;90398;452704
;Systemic Detox;2021/11/22;928;6390.75;924;247823;289187
;Duane Reade;2022/06/11;840;9251.27;557;51271;844806
;Ciprofloxacin;2022/05/25;989;196.14;183;310757;327097
;Antibacterial Foam;2021/10/18;562;878.53;391;386415;274933
;Adderall;2021/08/20;678;5689.41;766;274119;602886
;Montelukast Sodium;2022/06/16;536;7278.05;675;345827;303311
;FENTANYL CITRATE;2022/05/06;14;46.01;264;98132;638475
;Spiny Pigweed;2022/07/18;721;3531.86;815;58714;415172
;BHI Flu Plus;2022/06/27;355;7179.67;440;336304;146824
;Lady Speed Stick;2022/06/20;100;8078.23;66;96840;224632
;METOPROLOL TARTRATE;2022/03/11;697;7629.39;699;140797;333277
;Cephalexin;2021/12/29;48;9151.59;364;236631;742538
;Zorvolex;2022/05/19;116;6655.8;53;82053;304975
;PILOCARPINE HYDROCHLORIDE;2022/06/16;925;5893.66;240;59363;774224
;SULINDAC;2022/06/03;326;7400.08;765;335123;156994
;Opana;2022/04/01;841;3528.2;874;80644;732104
;Mirtazapine;2021/10/08;973;2902.27;873;183868;730376
;Neutrogena Clear Face Break Out Free;2022/06/27;833;4145.74;288;187232;409878
;ENALAPRIL MALEATE;2022/05/09;975;5085.92;653;90665;91805
;hemorrhoidal;2022/07/17;377;8011.61;848;25526;112109
;topcare miconazole 3;2022/03/09;707;6701.95;665;50142;130085
;HGH Vitality;2021/12/21;584;5244.72;467;157953;542974
;ACETAMINOPHEN;2021/09/15;283;6319.31;394;285365;441397
;Flexall Pain Relieving;2022/07/18;345;4306.13;277;201272;574468
;Etodolac;2021/09/05;766;1856.64;592;202706;904427
;COZAAR;2021/10/23;901;4121.25;642;281107;948312
;Olanzapine;2022/01/24;539;6990.16;987;236721;966738
;Skin Protectant Flushable Wipes;2022/01/17;184;8131.32;532;133923;973566
;Aspergillus fumigatus;2022/03/13;638;4107.52;168;281147;586195
;CUREFINI;2022/01/26;251;7885.96;584;66009;845528
;Mapap;2022/07/26;301;5836.63;818;357343;40134
;Valsartan and Hydrochlorothiazide;2022/05/29;283;7550.54;442;181391;827363
;Fluphenazine Hydrochloride;2022/07/04;652;6352.49;682;337558;188600
;Colgate Max Clean;2022/05/07;442;4689.02;2;318801;107627
;equate lice treatment;2022/04/23;701;3617.59;437;134407;361452
;Baby Nighttime Tiny Cold;2022/01/02;630;9642.04;265;393570;721572
;Zaleplon;2022/03/06;353;600.16;25;353962;831631
;Acetaminophen PM;2022/07/12;896;8295.15;820;250497;316845
;Exuviance CoverBlend Concealing Treatment Makeup;2021/08/06;328;5035.72;626;254563;401579
;RK Detox;2021/08/24;617;6579.67;375;83941;170747
;Flunisolide;2021/10/26;753;7843.21;7;293847;785173
;KETOROLAC TROMETHAMINE;2021/11/26;294;7930.04;410;89174;785614
;Promethazine with Codeine;2022/06/18;686;3839.44;141;36850;286214
;SAFEWAY CARE;2021/09/16;17;5796.45;948;211103;496385
;Dolce and Gabbana The Lift Foundation Caramel 110;2022/01/08;353;5901.87;426;172657;240826
;PANROSA Green Apple Scented Hand;2022/06/19;844;3407.12;989;357235;545732
;Foaming Instant Hand Sanitizer with Aloe and Vitamin E;2021/10/25;565;8248.94;81;394438;146533
;Enviro;2022/07/07;157;9897.08;957;169408;656107
;Ondansetron;2022/05/21;831;5474.68;262;254901;468733
;BLACKJACK OAK POLLEN;2021/08/05;403;9671.25;525;237201;427396
;Phosphorus 30;2022/05/16;914;8815.72;12;385980;286708
;DIFLUNISAL;2022/02/28;115;2696.02;815;302562;716992
;LBEL;2022/05/01;770;6951.66;783;243511;565230
;LBEL COULEUR LUXE AMPLIFIER XP;2022/05/07;761;7081.28;451;49202;48722
;Metronidazole;2022/06/07;762;9107.67;52;203575;150135
;color correcting swirl foundation broad spectrum SPF 25;2021/10/02;430;3796.32;851;382115;116113
;Pomegranate Antibacterial Foaming Hand Wash;2021/08/08;787;5032.24;836;60432;818333
;Kroger;2021/08/16;378;2914.56;860;169592;449328
;BAEKNYONDONGAN CHI;2022/03/06;35;2195.53;342;93804;726715
;Cetirizine Hydrochloride;2022/06/08;998;3307.39;710;3305;953440
;Cladosporium cladosporioides;2021/11/03;510;6063.59;297;117587;455127
;Fluoxetine;2022/07/09;95;5240.49;884;151208;631955
;Pravastatin Sodium;2021/09/03;36;796.58;419;79532;368857
;Pain Reliever;2022/05/06;777;3709.96;680;325430;501585
;DESPEC;2021/10/26;563;5406.07;25;132931;804638
;ibuprofen;2022/03/11;956;2236.52;537;220968;618416
;Trileptal;2021/10/17;132;1975.67;154;72651;903245
;4-N-1 WASH;2021/09/04;640;8020.03;255;55375;620795
;Cold Relief;2022/07/21;849;6147.81;879;63091;602655
;Tramadol Hydrochloride;2022/07/21;218;7355.3;998;57860;501903
;Hydrocortisone;2021/12/19;597;3710.95;125;229475;268010
;Dicyclomine Hydrochloride;2022/05/27;695;7749.2;566;167645;246442
;MEDI-SULTING TOPICAL PAIN RELIEF;2022/01/21;89;1314.24;530;117016;820154
;Waterless Anti-Bacterial Hand Cleanser;2022/06/03;187;9755.84;320;185326;111778
;Loesch;2022/05/05;882;731.33;20;100391;310565
;Anti-Bacterial Hand;2021/11/08;920;9636.84;373;110104;538229
;Hydrochlorothiazide;2021/09/12;48;9150.1;724;94783;165379
;Sunmark nite time;2022/05/23;403;4319.42;997;326688;195716
;Oxygen;2021/10/15;545;5703.49;109;295493;314144
;METHADONE HYDROCHLORIDE;2022/03/04;533;8844.35;847;339773;54395
;careone ibuprofen pm;2022/01/08;712;7332.41;655;62856;937177
;Miracle Foot Repair Cream;2022/05/17;717;5194.9;280;324342;74050
;Gabapentin;2022/06/02;436;4953.27;762;210126;330498
;TETANUS TOXOID ADSORBED;2021/10/14;90;3283.47;310;230097;826665
;AcetaZOLAMIDE;2021/08/04;314;8479.54;956;387896;525854
;Levofloxacin;2021/09/20;759;9902.03;823;375274;374927
;Olay Regenerist;2022/02/01;86;3201.15;333;376103;4795
;Quetiapine Fumarate;2021/09/26;909;4035.08;38;359331;676580
;Toppik Womens Hair Regrowth Treatment;2022/05/17;673;3730.94;443;391231;377282
;Verapamil Hydrochloride;2021/11/26;503;3443.5;897;321245;602647
;Colgate;2021/11/06;808;4447.19;69;116185;286860
;CEFTRIAXONE;2022/07/18;291;4222.61;899;96326;714099
;Depakote;2022/07/12;666;3944.13;817;389264;499226
;Famciclovir;2022/01/06;871;8474.44;234;233345;381385
;Clara;2022/05/06;62;9295.59;439;224653;672949
;SEROQUEL;2021/11/04;607;3169.56;647;147031;227035
;Cardene I.V.;2022/02/27;131;7097.03;389;103;178814
;Hydroxychloroquine Sulfate;2021/08/12;420;5268.45;701;380288;633000
;Doxycycline Hyclate;2021/12/05;391;9884.18;798;239743;123252
;NEUTRAMAXX 5000 TCP;2022/04/10;397;9195.94;134;193509;791155
;WEIGHT CONTROL SUPPORT;2022/03/12;191;5962.29;85;360302;775608
;Ice Cold Analgesic;2022/03/19;956;7634.6;699;10084;239699
;Calcium Plus;2022/06/11;555;367.99;975;25425;972157
;ENJUVIA;2021/11/26;568;4551.42;778;384021;702253
;BUCKWHEAT;2021/09/08;293;5060.64;483;283444;137025
;Banana Boat Ultra Defense Sheer Protect;2022/02/11;560;9570.89;78;46281;983445
;ZYRTEC;2021/11/15;60;2946.9;500;26933;603581
;Ibutilide Fumarate;2022/05/31;158;2603.98;536;236491;540158
;Metabolism;2021/12/04;354;4135.17;529;199704;526682
;DEFEND Cough;2022/02/02;185;7798.35;520;218868;201941
;Softlips Sugar and Spice;2022/06/02;292;4336.86;606;188008;324883
;Pleo Muscar;2022/06/25;330;815.23;842;163885;283717
;Effervescent Pain Relief;2021/09/22;970;2736.46;382;97600;311646
;SERTRALINE HYDROCHLORIDE;2021/11/11;790;8704.07;152;210413;853298
;Intensive Healing Anti Itch;2022/02/21;321;8080.25;483;9528;539653
;Allopurinol;2022/01/09;783;8320.85;900;91053;942904
;Valproic Acid;2021/08/30;668;5754.62;567;371401;854042
;Recens;2021/12/31;747;3302.67;277;340649;494475
;Metipranolol;2022/03/31;300;1628.57;988;77251;333310
;Therapeutic;2021/10/05;847;9661.62;721;295363;809271
;Right Guard Xtreme Clear;2022/06/06;650;2883.06;769;6160;846206
;STANDARDIZED MEADOW FESCUE GRASS POLLEN;2022/02/08;581;8947.56;420;386188;151996
;OXYCODONE AND ACETAMINOPHEN;2022/04/10;59;6435.55;598;93405;745010
;Topiramate;2021/10/02;839;7625.12;784;121535;750308
;Humco Gentian Violet 2%;2022/04/22;255;1116.69;628;335355;877508
;Lice Treatment;2021/09/12;738;177.7;942;193938;902174
;Piroxicam;2021/12/22;89;1995.15;476;15322;917607
;Diphenhydramine Hydrochloride;2022/06/12;372;4798.22;514;55692;965472
;CACTUS FLOWER AND MANGO ANTIBACTERIAL DEEP CLEANSING HAND SP;2021/08/08;461;4956.67;596;164578;753278
;DawMist Antiperspirant Deodorant;2022/02/27;65;4590.51;489;16302;825164
;Lidocaine Hydrochloride;2021/12/07;75;3656.36;844;323074;585091
;Anti-Bacterial Hand;2022/02/05;519;2605.35;565;74550;158603
;Chaetomium globosum;2021/09/13;820;4265.48;870;56309;153112
;Rx Act Sore Throat;2021/09/04;463;4189.75;582;209407;94611
;Lorazepam;2021/10/05;562;5758.75;135;398837;38472
;Gabapentin;2022/01/25;436;5107.89;461;198895;474481
;PHENYTOIN SODIUM;2022/06/25;799;881.61;667;325210;585339
;Dicyclomine Hydrochloride;2021/10/23;908;7072.99;753;381667;579750
;CEM-Urea;2021/10/18;771;7284.68;118;45316;222505
;FLOMAX;2021/10/25;361;3942.85;8;351138;262591
;Lamotrigine;2022/01/21;3;6295.93;326;281981;55897
;Foaming Hand Sanitizer;2022/02/03;845;8501.81;55;49811;947301
;Topamax;2022/06/06;555;6551.96;281;39789;866826
;Duetact;2021/10/12;873;1415.48;53;361181;674371
;Hydrochlorothiazide;2021/11/15;597;9336.38;687;183870;791804
;smart sense triacting;2022/03/07;868;9144.59;637;124674;240320
;LBEL Couleur luxe rouge irresistible maximum hydration SPF 17;2021/10/06;909;3231.38;446;347418;489575
;Pacnex;2022/06/30;575;6003.28;718;164028;442756
;FLUOROURACIL;2022/03/09;590;2204.56;411;94294;728491
;GREASEWOOD POLLEN;2021/12/08;908;9185.52;303;10046;932342
;Oxygen;2022/07/05;670;7443.53;788;137132;346874
;Tinactin;2022/01/24;433;4434.32;43;372927;660345
;Wheat Bran;2021/09/26;406;7400.95;580;244856;167952
;Welchol;2021/10/16;857;2609.79;782;153866;383997
;LEXIVA;2022/02/12;346;4759.41;806;167174;682001
;Softlips;2022/03/31;314;5361.88;945;321045;899270
;Dove IS Fresh;2021/09/06;469;9306.79;614;143983;162735
;ASPERGILLUS TERREUS;2022/04/22;573;6629.43;322;80891;950786
;Metformin Hydrochloride;2022/01/06;237;1157.45;378;139541;138264
;Diazepam;2021/10/23;537;1375.36;162;261457;147679
;Covergirl Outlast Stay Fabulous 3in1 Foundation;2021/12/09;880;3214.19;504;249204;95259
;Verapamil Hydrochloride;2022/05/02;883;8806.32;19;61138;983128
;Best Health Sore Throat Relief Cherry Flavor;2022/01/03;701;2977.39;523;273983;12312
;risperidone;2022/05/31;300;2545.25;425;134631;947186
;TapouT;2022/07/02;240;6632.44;486;79379;547751
;DRISTAN 12 HR;2021/10/23;669;3949.83;133;257142;370556
;Badger SPF 34 Anti-Bug Sunscreen;2022/04/14;992;8961.44;858;353631;787709
;Estradiol Transdermal System;2022/02/02;583;2275.96;209;226044;809369
;REBIRTH HAIR;2021/10/31;945;3978.27;819;347336;974934
;Clarins Sunscreen For Eyes Wrinkle Control SPF 30 UVA/UVB;2022/01/14;534;7414.71;545;250633;980718
;Ramipril;2022/02/08;844;1441.99;177;373450;581485
;Oxygen, Refrigerated Liquid;2021/10/16;860;4466.49;797;374240;93688
;bareMinerals;2021/10/09;126;4813.99;835;24586;826703
;Saizen;2022/05/01;381;7352.25;786;347150;733136
;Perfect Calming Toner;2022/03/12;753;6497.96;318;185165;271282
;Captopril;2022/03/11;754;3926.42;576;297521;272286
;Levothyroxine Sodium;2021/08/21;54;4353.33;138;95945;723997
;Prednisolone;2022/02/26;966;6814.21;656;350909;497869
;Triamterene and Hydrochlorothiazide;2022/02/17;563;9516.7;689;92389;233967
;California Valley White Oak;2021/08/13;647;7316.39;718;134853;267553
;equaline lice killing;2021/12/30;482;9624.52;759;328453;449203
;ADVANCED CELL BOOSTING EX TONER;2021/12/21;195;1143.05;268;47850;404667
;Famciclovir;2022/07/15;155;4761.18;555;63198;686625
;Lotrel;2021/10/14;246;298.48;484;372533;891999
;Cefadroxil;2022/01/20;172;1545.45;858;161795;942527
;Fresh Peony Brightening UV Shield Sunscreen SPF 50 Plus;2021/11/30;404;117.5;586;122113;409574
;Cough Syrup DM;2022/06/12;960;1260.49;822;308951;899129
;Warfarin Sodium;2022/01/17;666;1277.72;258;223669;765199
;SEROQUEL;2021/10/08;206;2352.77;280;103347;16989
;Tretinoin;2021/12/23;771;2430.64;586;94085;875161
;Disney MINNIE Antibacterial Hand Wipes;2022/03/10;473;7768.84;162;398492;230449
;Berry Scented Hand Sanitizer;2021/09/25;536;4878.93;897;156795;647201
;Thyreoidea Belladonna;2021/11/27;501;7278.91;40;263603;869801
;Lamotrigine;2022/05/18;713;6014.07;54;273722;942635
;Hydrocodone Bitartrate and Acetaminophen;2021/12/25;771;8169.68;76;163748;151760
;ERYTHROMYCIN;2022/03/24;327;8005.51;977;216121;835753
;Good Sense Nicotine;2022/06/20;487;1005.74;607;377815;217986
;Western Wheatgrass;2022/03/13;590;6091.37;482;163546;141764
;Promethazine Hydrochloride;2021/09/07;741;8199.27;445;301974;637628
;Dexmethylphenidate Hydrochloride Extended-Release;2022/06/22;249;7496.02;55;252554;104570
;Derman Antifungal;2022/02/08;705;2294.09;46;99969;276302
;Buspirone Hydrochloride;2022/02/26;528;2991.71;688;317608;820991
;SHISEIDO ADVANCED HYDRO-LIQUID COMPACT (REFILL);2021/12/17;597;433.81;725;293135;438198
;Rexall Ibuprofen;2022/07/05;594;3496.42;817;274921;414752
;Allergy Medicine;2021/10/28;668;8183.87;221;19550;814568
;Famotidine;2021/09/22;979;7502.92;483;55826;960278
;Antiperspirant;2021/08/16;781;9079.71;78;22927;260235
;SEROQUEL;2022/06/21;40;7468.02;221;119733;558759
;Foamahol;2022/07/21;405;6028.89;29;314320;50518
;Lorazepam;2022/05/14;919;8305.76;460;277340;123137
;Claritin-D;2022/04/12;156;8041.25;597;217560;280494
;ADAPALENE;2022/01/25;122;6931.13;490;232717;732766
;Rosmarinus Argentum;2022/04/30;871;1300.61;39;290031;431868
;Oxybutynin Chloride;2021/10/26;841;240.55;584;285401;890866
;HYDROCHLOROTHIAZIDE;2021/08/06;772;119.6;574;174517;609795
;flormar BB Sheer Tinted Beauty Sunscreen Broad Spectrum SPF 15 06 Warm Beige;2022/06/10;60;4086.92;913;118290;925543
;Dexbrompherniramine Maleate and Pseudoephedrine Sulfate;2021/08/07;630;7101.15;324;156513;373870
;Dandruff;2022/02/03;897;516.52;320;259766;61843
;Childrens Loratadine;2021/10/09;586;718.62;45;161310;377304
;LEVOTHYROXINE SODIUM;2021/09/09;135;6099.62;921;166450;785824
;ESOPINIO ANIMATING WATER;2021/10/25;437;9934.32;563;139137;27543
;OBLITERATE;2021/08/09;46;675.74;293;334826;13730
;Extra Strength Pain Relief;2021/11/07;369;2733.65;653;23521;630585
;REMERONSOLTAB;2022/02/06;677;5247.71;506;352765;531364
;Paclitaxel;2021/12/13;957;3425.23;614;115730;607220
;Hydrocortisone;2021/12/19;252;2697.76;939;187589;668824
;adult cold, flu and sore throat;2022/03/08;891;6694.29;637;54710;553992
;No7 CC;2021/07/29;341;2033.61;938;45715;148340
;Antacid;2021/11/11;757;7373.61;977;60302;216055
;Fortress;2021/10/12;47;8152.09;171;369087;983373
;LBEL UV DEFENSE 365;2022/01/18;851;2345.12;211;60719;602419
;Pleo Oku;2021/11/28;991;6467.79;713;250803;268555
;NICOTINE;2022/01/16;641;8639.14;639;295487;93594
;Doxycycline Hyclate;2021/08/02;217;7577.62;890;314464;828212
;CLINIMIX;2022/07/08;123;893.9;363;348098;543000
;ELEVATE RxS;2021/08/09;523;1060.1;960;83323;269201
;Germ Crusher Hand Sanitizer Wipes;2022/04/28;73;363.28;383;368144;893980
;MakeSense;2022/06/02;916;493.91;125;194543;424068
;EBV/CFS Plus;2022/01/03;50;7998.64;274;167961;168989
;Ibuprofen;2021/10/12;105;7789.2;949;121190;927586
;Hydrochlorothiazide;2021/09/13;209;4247.1;488;191377;419846
;CVS OIL FREE SPF 15;2022/02/20;611;6277.59;884;371273;999943
;CHILDRENS DIMETAPP COLD AND ALLERGY;2021/11/29;476;9641.5;848;384900;442179
;Truist Sunscreen Moisturizer;2022/05/30;988;53.91;72;253613;150613
;Tobramycin;2022/05/21;956;3171.1;143;319481;513865
;Cyclogyl;2021/10/11;933;9369.07;749;103595;93529
;isosorbide mononitrate;2022/04/23;276;4762.75;99;205240;898544
;Oxycodone Hydrochloride;2022/01/29;143;7168.66;883;72908;352295
;METRONIDAZOLE;2021/10/03;965;240.04;803;62758;729813
;Antibacterial;2021/08/25;400;4910.39;864;122089;427284
;SHISEIDO RADIANT LIFTING FOUNDATION;2021/08/21;475;3750.52;954;116126;287693
;Faith Family Ducks Antiseptic Hand Cleansing;2022/01/22;907;1735.24;983;287654;266324
;Pollens - Weeds and Garden Plants, Cocklebur Xanthium strumarium;2022/07/15;152;9711.77;760;318160;33318
;Hydroxyzine Hydrochloride;2021/08/18;835;4808.96;600;145046;45823
;Nighttime Daytime Cough;2022/01/06;127;4521.57;473;363933;573368
;Meloxicam;2021/11/30;289;5435.16;24;158548;794490
;Our Family;2021/12/01;998;1359.45;883;254824;556372
;TREATMENT LIPSHINE;2021/12/31;89;9663.5;348;269619;307450
;Nighttime Sleep Aid;2021/10/04;786;7907.19;373;182744;809648
;Effer-K;2022/05/08;992;4284.84;867;327656;667666
;NP Thyroid 90;2022/07/24;111;1135.91;939;206508;275527
;Fludarabine Phosphate;2021/09/27;954;4837.15;91;318003;168381
;Sulfur Colloid;2022/04/15;961;6356.42;774;245758;980259
;The Cure Sheer Cream;2021/11/25;422;2064.26;203;259890;493658
;Non-Habit Forming Stool Softener;2022/07/24;914;8730.42;311;97315;222813
;Clarithromycin;2021/12/29;446;3447.79;740;371963;498144
;Clear-Tone Antibacterial Hand;2021/08/14;655;2672.66;800;321926;376928
;DIORSNOW UV Shield White Reveal UV Protection BB Creme Pearly White SPF 50;2022/04/08;136;5310.19;244;361642;75092
;SHISEIDO ADVANCED HYDRO-LIQUID COMPACT (REFILL);2022/03/11;626;3338.78;267;58096;614588
;LEVOTHYROXINE SODIUM;2021/09/22;132;1076.47;848;311580;919807
;Bayberry;2022/04/15;31;7775.89;68;22014;874262
;Lancell hair loss prevention hair grower clean formula;2021/12/17;91;2889.55;573;393928;815432
;Zolpidem Tartrate;2022/06/19;615;1791.88;990;134412;789684
;Famotidine;2021/10/17;21;1889.87;240;31200;952793
;Dicyclomine Hydrochloride;2022/05/11;52;3021.6;758;44043;615044
;ZYBAN;2021/10/29;502;8503.45;903;139963;648271
;Tickling Cough;2021/11/08;557;7087.75;537;282305;52740
;Gabapentin;2021/09/16;194;5939.61;721;49273;342714
;Kroger Moisture SPF 15 Lip Balm;2021/09/09;402;4061.8;579;388444;497738
;DIANEAL Low Calcium with Dextrose;2022/01/02;906;5363.23;987;256339;68927
;PANTOPRAZOLE SODIUM;2022/04/24;110;5403.27;629;331397;848879
;Neova DNA Damage Control - Silc Sheer;2022/04/10;67;1814.39;318;271737;577438
;germstarCitrus;2022/05/18;97;6266.2;386;213017;914143
;Celery;2021/12/25;165;8966.36;536;257814;503834
;SPF 15 Sunscreen;2022/02/21;343;9613.62;425;141065;713694
;FAMOTIDINE;2021/11/22;530;2267.55;447;211437;372025
;Itch Relief;2022/04/29;592;3034.91;864;322927;949726
;Medique Alcalak;2022/07/18;155;2783.99;330;80260;626240
;Prevage Anti Aging Eye Sunscreen SPF 15;2021/11/26;857;5736.18;922;60592;684291
;Denavir;2021/12/13;149;6687.69;483;380993;569120
;Syprine;2021/11/18;531;1353.59;83;50691;760716
;THERA Calazinc Body Shield;2021/10/06;733;68.64;30;25742;72229
;Proactiv Gentle Formula Clarifying Cleanser;2021/10/14;721;3375.25;510;239181;704489
;CAMERA READY BB EYES BS SPF 15;2021/08/05;701;5557.99;722;199661;27657
;VoSoL HC;2021/09/04;131;1319.72;700;355889;636941
;Ketorolac Tromethamine;2022/03/05;840;9537.51;313;135599;17858
;Mannitol;2022/05/19;82;3787.03;537;197677;973102
;CP Dr. Babor Purity Cellular Stop Blemish Fluid;2021/12/09;770;5009.17;695;337479;534115
;Rapid Comfort Extra Strength Non Aspirin;2022/02/18;334;8681.7;642;30268;908847
;Hamster Epithelium;2021/10/20;908;8144.22;352;170576;370168
;Roxalia;2021/12/12;624;9211.53;989;156967;768973
;Perrigo Benzoyl Peroxide;2022/04/06;920;7764.91;151;234221;494347
;Oxymorphone hydrochloride;2021/08/06;527;4722.34;821;6706;7580
;ENALAPRIL MALEATE;2022/05/21;643;6521.68;499;215178;81175
;Hydrochlorothiazide;2021/09/12;820;9927.8;913;151856;549018
;AHAVA ACTIVE DEADSEA MINERALS;2022/07/09;557;2592.22;350;43790;574470
;Cinchona Officinalis Kit Refill;2022/03/22;262;2716.18;119;201702;170215
;Bisque;2022/01/25;230;1050.16;163;249641;114407
;Kinesys;2021/11/20;366;9241.67;199;45427;823075
;Rugby;2022/02/12;45;4602.38;303;151203;136912
;SkinMedica Environmental Defense Sunscreen SPF 50;2022/02/20;877;6874.81;121;298722;894803
;Topiramate;2021/11/18;880;5835.05;105;185334;506826
;Exuviance CoverBlend Skin Caring Foundation;2022/05/04;434;7215.49;129;349136;553676
;Bupropion Hydrochloride;2022/07/16;946;7786.95;421;297597;112047
;Metronidazole;2022/07/14;336;3044.51;769;262031;906115
;Ivory Always color stay-on Makeup Broad Spectrum SPF 15;2021/11/25;618;3366.16;802;111323;263726
;Tekturna;2021/12/10;402;2194.1;528;99220;200886
;DIPYRIDAMOLE;2022/05/14;833;6971.59;208;60173;359210
;LANEIGE BB Cushion no.23;2022/05/19;470;6152.07;455;312823;122491
;DR.G DEWRINKLE REFORMER;2022/03/01;527;8126.13;265;185559;548695
;Treatment Set TS333635;2022/06/17;3;6043.61;465;161141;754119
;Nupercainal Bio-Active Hemorrhoidal;2021/11/16;265;938.4;18;236296;748850
;Hydrochlorothiazide;2021/09/15;661;1404.53;593;124895;773851
;exchange select allergy relief;2021/10/27;521;3729.09;6;100277;907760
;TERBINAFINE HYDROCHLORIDE;2022/03/05;587;2359.1;812;135580;255333
;HyQvia;2021/10/12;518;480.9;42;296003;492419
;Furosemide;2021/12/12;662;116.75;564;222159;769727
;Cefprozil;2022/03/28;28;9032.64;116;179495;494826
;AMARANTHUS PALMERI POLLEN;2022/06/14;496;1828.37;443;299227;171179
;DiorSnow White Reveal Instant Spot Concealer SPF 50 Ivory 010;2022/03/13;545;4810.23;745;81250;939379
;Tums;2021/08/31;322;711.45;624;298269;615179
;ROPINIROLE HYDROCHLORIDE;2021/09/27;131;2673.48;354;111023;391517
;SNAIL RECOVER HEALER;2022/07/10;532;146.45;897;223238;950525
;ANS/CNS;2022/02/27;286;751.45;209;104672;643154
;Dial antibacterial;2022/04/21;296;8296.2;269;153833;604976
;Pier 1 Imports Citrus and Sunflowers Anti-bacterial Hand Wash;2022/03/01;123;2174.95;797;148116;282095
;ESIKA;2021/09/05;340;9174.09;801;319108;266580
;Lamotrigine;2022/07/01;967;9959.05;145;271014;619922
;Childrens Growth and Development;2021/09/23;382;1503.21;923;102209;642340
;Leader Aspirin;2022/06/06;692;2754.94;207;274472;878853
;Curvularia inequalis;2022/02/10;664;2772.55;950;418;620784
;Cimicifuga Racemosa Kit Refill;2022/06/20;802;9246.62;797;120400;50129
;napoleon PERDIS FOUNDATION STICK BROAD SPECTRUM SPF 15 Look 2;2021/11/09;412;4531.5;277;251885;915194
;Wart Control;2021/10/31;49;150.77;777;212261;472858
;Nabumetone;2022/05/16;396;4496.41;916;225666;699418
;Crab;2021/12/11;743;9689.16;64;368077;372585
;Ranitidine Hydrochloride;2021/11/05;386;4292.95;517;76001;146550
;Hydroxyzine;2021/08/05;508;4728.03;73;101764;863801
;Mucus and Cough Relief;2021/08/27;435;957.2;395;136831;764036
;Satinique Dandruff Control Hair Cleanser;2022/05/09;982;917.02;543;283314;818059
;Chlorpromazine Hydrochloride;2021/08/16;509;6292.87;713;189770;283439
;verapamil hydrochloride;2022/05/06;789;3586.22;87;309028;547432
;equaline antacid;2022/02/09;189;7120.81;678;222475;521160
;Koh Gen Do Aqua Foundation;2021/10/26;932;2791.08;429;358228;29753
;BreathAway;2022/06/27;691;2244.86;336;327897;352234
;Haben Herb;2022/07/03;282;8045.31;409;273384;953387
;Cucumber Lime Antibacterial Foaming Hand Wash;2021/12/21;871;7635.5;636;313171;685760
;TopCare;2022/05/16;473;9259.71;882;127832;414748
;Mucinex Fast-Max;2021/08/16;947;483.14;756;220582;90986
;Acyclovir;2021/11/19;793;8431.32;129;388360;407476
;PRAVACHOL;2022/07/05;169;8048.25;897;308587;499984
;Alka-Seltzer Plus;2021/12/05;854;8581.61;351;307087;501573
;Acetaminophen;2021/12/02;515;1824.34;829;193692;643748
;NEUROSPORA INTERMEDIA;2022/01/12;460;4990.59;879;244211;209681
;Clotrimazole;2021/10/04;907;1938.92;930;97358;682899
;CARBO VEGETABILIS;2021/12/17;646;7834.69;59;334666;789814
;ANTIBACTERIAL FOAMING;2021/09/28;171;7492.42;70;64332;670983
;Rite Aid;2022/07/06;113;5910.85;462;125103;140550
;OXY Cleansing Pads;2021/08/12;94;7071.6;67;275415;553453
;Acetaminophen PM;2021/09/04;45;7361.67;235;257618;431301
;Clarins Broad Spectrum SPF 30 Sunscreen for Sun-Sensitive Areas;2021/07/30;963;8191.64;172;307109;646991
;Terrasil Wart Removal;2022/01/06;506;2647.13;134;112747;566082
;Amitriptyline Hydrochloride;2022/04/19;812;642.22;775;15809;550951
;Epionce Active Shield;2022/05/22;426;5156.48;529;93291;107472
;Naloxone Hydrochloride;2022/06/21;4;8751.54;925;170449;54543
;AMOREPACIFIC FUTURE RESPONSE Age Defense SPF30;2022/03/15;371;9426.73;168;112828;579144
;Butorphanol Tartrate;2022/07/11;59;8917.42;805;166297;179778
;Cleocin Phosphate;2022/05/21;838;3734.44;483;373386;299914
;Acyclovir;2022/01/23;434;7688.7;517;200003;882726
;CLE DE PEAU BEAUTE FOUNDATION L;2021/08/15;499;4612.46;904;162250;782440
;White Pine;2022/02/09;159;3821.6;571;122588;712856
;Clearasil Ultra;2022/06/27;12;7293.84;730;108412;879709
;REVITALIZING C I2PL MASK;2022/05/18;991;492.58;421;295157;722079
;Gabapentin;2021/12/27;117;6695.78;205;326824;990355
;Tamoxifen Citrate;2022/07/11;662;2901.5;132;81123;533858
;Amoxicillin and Clavulanate Potassium;2022/02/24;16;4931.19;624;226215;903820
;All Day Pain Relief;2021/11/17;206;9724.11;837;8615;782493
;Valtrum US Soothing Topical Analgesic;2021/09/11;499;6886.72;784;76667;237295
;Micardis;2021/09/03;613;7407.16;174;222905;75810
;Servo Stat BAC;2021/12/12;929;7291.75;363;272928;650281
;good neighbor pharmacy loratadine;2022/01/12;872;3212.82;466;77258;196192
;isosorbide mononitrate;2021/11/17;759;5255.44;337;376488;290630
;Exuviance CoverBlend Concealing Treatment Makeup;2022/03/30;592;9151.29;353;90341;858577
;Diphenhydramine Hydrochloride;2022/06/10;681;4523.34;968;282167;593696
;Original Formula Motion Sickness Relief;2021/07/31;161;9841.3;317;58342;969426
;Clonazepam;2022/03/14;659;8100.17;921;299184;747306
;Levocetirizine Dihydrochloride;2021/10/09;852;893.89;810;294714;727742
;Levofloxacin;2021/10/12;928;2516.5;576;121137;319484
;Lubriderm Daily Moisture;2021/08/20;664;3678.31;243;118675;424524
;Naproxen Sodium;2021/08/03;515;1036.36;583;359419;11611
;ziprasidone hydrochloride;2022/02/05;618;9699.37;815;314089;684104
;aluminum hydroxide, magnesium hydroxide, simethicone;2022/05/18;273;3126.18;247;329593;195208
;Ziprasidone Hydrochloride;2021/10/03;741;5168.47;614;257372;764942
;Speed Stick;2022/03/16;460;6633.65;234;344569;31105
;Ibuprofen and Pseudoephedrine Hydrochloride;2022/02/01;125;9122.04;789;185340;760528
;Omeprazole;2021/09/17;644;8213.19;983;136774;734083
;Gas Relief;2021/08/12;297;2374.28;174;166938;458754
;Omeprazole;2021/10/30;661;693.4;464;271314;231391
;Diabetic Maximum Strength Siltussin DM DAS-Na;2022/07/06;739;6362.86;10;339098;901685
;Mischievous Orange Antibacterial Foaming Hand Wash;2022/05/18;593;9121.67;932;268550;879513
;Prednisolone;2022/04/16;544;3860.25;403;349861;285895
;Atenolol;2022/04/28;195;681.55;656;11458;993705
;UNIVERSAL PURE PETROLEUM COCOA BUTTER SCENTED;2022/04/18;501;3803.9;42;88972;446855
;Diphenhydramine Hydrochloride;2021/11/07;395;6542.91;934;22682;791887
;Aconitum Napellus Kit Refill;2021/11/08;973;6781.5;760;392864;647255
;Scalpicin;2022/03/17;18;3817.57;137;85536;745934
;Colic;2021/11/18;828;8916.06;328;250703;236178
;Lamotrigine;2022/06/19;790;2525.79;352;155162;707247
;Pollens - Trees, Cedar, Mountain Juniperus ashei;2022/02/07;606;1951.8;310;81066;50505
;LBEL Couleur luxe rouge irresistible maximum hydration SPF 17;2022/01/19;415;9997.98;59;244550;868663
;Whitening;2022/04/26;254;9584.54;571;371283;886052
;kids cough cold and throat;2022/01/03;935;3020.8;198;99816;618014
;CanTravel;2021/10/21;177;5523.88;867;51550;867093
;Goose Feathers;2021/10/29;417;9171.34;713;10451;657754
;Cartia;2021/11/27;293;6717.96;25;212759;715397
;Fenofibrate;2022/06/13;26;3925.6;386;174675;558099
;Elm Mixture;2021/10/05;489;9161.75;452;264989;235628
;Good Neighbor Senna;2022/04/19;640;1984.17;609;177535;550146
;Acetaminophen PM;2021/08/22;884;5758.3;881;209530;750604
;Hydrocodone Bitartrate And Acetaminophen;2021/11/26;317;6658.34;600;383152;960946
;PANTOPRAZOLE SODIUM;2022/02/03;182;6424.65;819;170965;533287
;Aspirin;2022/03/14;485;4672.1;500;192229;276600
;Bismatrol;2022/03/30;535;3150.05;609;160433;828866
;WOMENS LAXATIVE;2021/11/07;478;464.91;541;342364;57825
;diltiazem hydrochloride;2022/07/06;172;8645.62;954;317938;190737
;Verapamil Hydrochloride;2021/09/24;870;7149.76;862;220845;968476
;BP Wash;2021/12/20;10;2770.3;87;75770;507043
;NEUTRACETT;2021/10/24;42;4324.93;279;314572;892727
;Glyburide;2022/07/15;147;8046.99;24;328352;617365
;DiBromm;2022/04/15;20;5851.62;170;87511;208549
;Lymph Detox Plus;2021/11/14;822;983.16;83;206547;215345
;SENSORCAINE;2021/10/31;257;4254.85;609;374853;322290
;Duane Reade;2021/09/22;313;1139.63;891;10649;248527
;XtraCare Creamy Petroleum Jelly;2021/11/25;620;1921.49;771;165873;254434
;Clearasil;2021/12/05;280;91.53;655;382578;454928
;SUNZEN;2021/12/29;558;5114.84;162;69066;581312
;Glycopyrrolate;2022/04/03;269;6729.28;120;282113;96579
;Ranitidine;2022/06/07;4;8121.37;300;373122;633101
;Arterioforce;2021/12/17;623;6893.01;254;344975;934832
;Lipitor;2022/01/10;696;6881.59;282;352977;412027
;CAREALL Vitamin A and D;2021/08/14;961;8769.25;942;373040;463914
;Standardized Meadow Fescue Grass Pollen;2021/12/17;957;7787.7;635;38298;206917
;bacitracin zinc, neomycin sulfate and polymyxin b sulfate;2021/08/14;615;3035.51;252;61640;984136
;Hydroxyzine Hydrochloride;2021/09/27;577;9423.77;825;396551;329839
;Warfarin Sodium;2022/01/09;903;7682.42;577;314601;712859
;Phentermine Hydrochloride;2022/06/08;281;2319.81;516;260620;413328
;Multi-Symptom Non-Aspirin Cold Nighttime;2022/06/02;369;9999.12;484;111787;851057
;EPICOCCUM NIGRUM;2022/05/09;759;968.19;694;145977;677991
;Dexamethasone;2021/10/04;156;8306.42;614;274267;944143
;ELF Milk and Honey Cleansing Anti-bacterial Hand;2022/02/12;243;4205.51;762;142642;627368
;Zenchent;2022/04/06;619;2488.24;763;33301;366444
;Benazepril Hydrochloride;2021/09/28;477;9738.44;801;60633;750360
;Cold Spot;2022/07/18;526;1955.44;213;342825;641890
;dg health pain relief pm;2021/08/24;452;2567.33;705;302661;454981
;ProBLEN HGH Plus IGF-1 IGF-2;2022/03/06;612;5505.33;820;208808;89587
;Hand Guard Foaming Antimicrobial;2022/06/19;159;7618.78;814;253595;457663
;ACNE;2022/05/30;282;7035.75;630;79758;755059
;Diclofenac Sodium;2021/12/06;741;2675.66;449;157125;845948
;Hydrochlorothiazide;2022/01/03;83;5768.75;480;122080;941701
;Losartan Potassium and Hydrochlorothiazide;2021/10/07;913;8695.94;57;116618;90852
;Prevent;2021/09/12;705;2279.49;164;266611;879588
;ONION;2021/09/11;842;2363.41;438;134833;717946
;ESIKA;2021/07/29;288;8058.08;269;303321;981988
;Denti-Care Denti-Pro;2022/01/22;37;9553.15;338;31236;92392
;Medium Beige Foundation SPF 15;2021/12/09;883;5987.31;976;353669;544967
;bareMinerals bareSkin Pure Brightening Serum Foundation Broad Spectrum SPF 20;2021/12/16;177;2636.57;933;145486;530347
;GenRx Skin Barrier;2021/10/13;923;7792.93;814;283884;651864
;SHISEIDO BENEFIANCE WRINKLERESIST24 DAY;2021/10/17;246;274.98;571;309561;879323
;Standardized Sweet Vernal Grass;2021/09/17;80;6656.43;23;252580;28345
;ILLUMINATING DAILY MOISTURIZER;2021/08/02;739;244.39;505;139486;270524
;Liothyronine Sodium;2022/01/22;460;2704.78;602;33057;581869
;Duloxetine;2022/02/09;79;9222.81;621;354730;985483
;MDSOLARSCIENCES;2022/07/25;539;4786.16;266;292151;522593
;Coffea Cruda Kit Refill;2021/10/22;367;1856.1;547;103381;787271
;Jinteli;2021/11/27;673;9940.15;20;225234;810654
;Medpride;2022/02/14;910;4150.42;606;66862;38887
;Stomach relief;2021/11/04;74;9122.34;891;298847;466834
;Hill Country Essentials;2022/04/17;105;3272.5;22;248689;112752
;Sunmark Gas relief;2022/03/28;936;8774.16;220;80401;437117
;LBel Paris;2022/01/20;19;9795.84;390;242712;694443
;Katinko Pain And Itch Relieving;2022/05/03;414;1626.84;775;348467;171849
;ziprasidone hydrochloride;2022/06/03;921;5592.96;197;244956;290720
;MEDIQUE I-PRIN;2022/02/13;177;2679.45;459;176870;216934
;Solmeet;2022/01/12;908;6163.71;529;14521;120324
;Doxycycline Hyclate;2022/06/11;298;3406.87;701;216033;865779
;LBEL;2021/10/09;124;5159.1;101;280993;3222
;Sertraline Hydrochloride;2021/12/21;186;4958.3;695;1213;459884
;Mometasone Furoate;2022/06/04;87;4014.76;638;133585;114916
